term,category,meaning,translation,aliases,examples,notes
leverage,Corporate,To use something to maximum advantage,use it / make it work,utilize;exploit,"Let's leverage our core competencies","Often overused in corporate settings"
synergy,Corporate,Combined effect greater than individual parts,when things work better together,collaboration;teamwork,"We need to create synergy between departments","Buzzword frequently mocked"
circle back,Corporate,To return to a topic later,come back to it,follow up;revisit,"Let's circle back on this next week","Means delayed or deprioritized"
bandwidth,Corporate,Capacity or time to handle tasks,time / mental space,capacity;availability,"I don't have the bandwidth for that","Borrowed from networking"
pivot,Corporate,Strategically change direction,switch things up,shift;change course,"We need to pivot our strategy","Popularized by startup culture"
deep dive,Corporate,Thorough analysis of a topic,really dig into it,drill down;thorough analysis,"Let's do a deep dive on the Q3 numbers","Often followed by nothing substantive"
move the needle,Corporate,Make meaningful progress,actually change things,make an impact;make progress,"We need campaigns that move the needle","Cliché but widely used"
touch base,Corporate,To briefly connect with someone,check in,catch up;connect,"I'll touch base with you on Thursday","Usually a quick meeting or message"
action item,Corporate,A task that needs to be done,thing you need to do,task;to-do,"You'll be the owner of that action item","Common in meeting summaries"
deliverable,Corporate,Output or result that must be provided,thing you have to hand in,output;product;artifact,"Please send me the deliverable by EOD","Standard project management term"
stakeholder,Corporate,Person with interest in project outcome,someone who cares about this,shareholder;interested party,"Keep all stakeholders informed","Can mean anyone relevant to a decision"
paradigm shift,Corporate,Fundamental change in approach,complete change of mindset,transformation;revolution,"This is a paradigm shift for the industry","Overused buzzword"
low-hanging fruit,Corporate,Easy tasks or gains,the easy wins,quick wins;easy targets,"Let's grab the low-hanging fruit first","Start with the simplest opportunities"
boil the ocean,Corporate,Attempt to do too much at once,trying to do everything at once,overcomplicating;overdoing,"We shouldn't try to boil the ocean here","Negative term — avoid overscoping"
value add,Corporate,Something that increases worth or benefit,makes things better / more useful,benefit;improvement,"What's the value add for the customer?","Often misused as filler"
optics,Corporate,How something appears to others,how it looks to people,perception;image,"We need to consider the optics here","About public perception"
robust,Corporate,Strong and effective,really solid / built well,strong;reliable,"We need a robust solution","Overused engineering/business term"
scalable,Corporate,Able to grow without proportional cost increase,can grow easily without breaking,expandable;elastic,"Is this solution scalable?","Key consideration in tech companies"
agile,Corporate,Iterative and flexible working methodology,working in short fast bursts,scrum;iterative,"We follow an agile development process","Specific methodology in software"
silo,Corporate,Isolated department or team,when teams don't talk to each other,isolated;disconnected,"We need to break down silos","Negative connotation"
no cap,Gen Z,Telling the truth; not lying,seriously / honestly; for real,fr;no lie,"No cap that presentation was fire","Derived from 'no capping'"
slay,Gen Z,To do something extremely well,absolutely crushed it,killed it;nailed it,"She slayed that interview","Originated in LGBTQ+ ballroom culture"
bussin,Gen Z,Extremely good especially food,absolutely amazing,fire;delicious,"This lunch is bussin fr","Originated in AAVE"
snatched,Gen Z,Looking very attractive or put together,looking incredibly good,on fleek;polished,"Your fit is snatched today","About appearance"
based,Gen Z,Holding an opinion confidently without caring about others,confident and unapologetic,unbothered;real,"That take was actually based","Opposite of cringe"
sus,Gen Z,Suspicious or untrustworthy behavior,sketchy / something's off,sketchy;shady,"That email looks sus to me","Popularized by Among Us"
lowkey,Gen Z,Slightly; quietly; without much attention,kind of / honestly,a little;somewhat,"I lowkey love this feature","Can mean secretly or subtly"
highkey,Gen Z,Very much; obviously,very much / definitely,clearly;obviously,"I highkey need coffee right now","Opposite of lowkey"
vibe,Gen Z,Feeling or atmosphere of something,the mood or energy,energy;atmosphere,"The office has a good vibe today","Used as noun or verb"
hits different,Gen Z,Affects you in a special or unusual way,feels uniquely good,slaps;just better somehow,"Coffee at 6am hits different","Hard to explain but widely understood"
understood the assignment,Gen Z,Performed exactly as expected,totally nailed what was needed,delivered;executed perfectly,"The design team understood the assignment","High praise for execution"
it's giving,Gen Z,It has a certain energy or resembles something,it feels like / reminds me of,radiates;screams,"This campaign is giving luxury","Usually followed by a vibe"
rent free,Gen Z,When something occupies your thoughts constantly,can't stop thinking about it,living in my head;obsessed,"That error message is living rent free","About mental preoccupation"
ate,Gen Z,Did something perfectly and impressively,absolutely crushed it / did it perfectly,slayed;killed it,"She ate that presentation","Past tense of 'eat'"
W,Gen Z,A win or success,total win / great outcome,win;victory,"That's a huge W for the team","Opposite of L"
L,Gen Z,A loss or failure,total failure / bad outcome,loss;fail,"Taking an L on this one","Opposite of W"
mid,Gen Z,Mediocre; average; unremarkable,just okay / nothing special,average;meh,"That feature is kinda mid","Short for 'middle of the road'"
NPC,Gen Z,A person who acts without independent thought,someone who just follows along without thinking,background character;basic,"He's such an NPC in meetings","From gaming — non-player character"
rizz,Gen Z,Natural charm or charisma especially in attracting others,natural charm / confidence around people,charisma;swag,"He's got serious rizz","Recently added to Oxford dictionary"
slaps,Gen Z,Something that is extremely good,absolutely amazing / hits hard,bangs;bops,"This playlist slaps","Often about music"
dead,Gen Z,Finding something so funny you can't handle it,I'm literally dying laughing,I'm deceased;💀,"I'm dead this email is hilarious","Hyperbolic expression of amusement"
periodt,Gen Z,Emphasises a definitive statement with no room for debate,and that's final / end of discussion,period;full stop,"We're the best team periodt","Variation of 'period'"
beige flag,Gen Z,A quirky habit that's not bad just a little odd,a weird but harmless trait,quirky;unusual,"Their meeting style is a total beige flag","Variation on red/green flag"
delulu,Gen Z,Delusional in a humorous or self-aware way,kidding yourself / wishful thinking,delusional;unrealistic,"I'm being a bit delulu about the timeline","Self-deprecating or playful"
era,Gen Z,A distinct phase or period someone is currently in,phase you're in right now,phase;chapter,"I'm in my productive era","Often 'in my X era'"
main character,Gen Z,Acting like the protagonist of your own story,acting like everything revolves around you,protagonist;spotlight energy,"She's giving main character energy today","Can be positive or negative"
glazing,Gen Z,Excessively praising or hyping someone,brown-nosing / being a total yes-person,simping;bootlicking,"Stop glazing the boss like that","Negative connotation"
ratio,Gen Z,When a reply gets more engagement than the original post,getting completely dunked on online,owned;roasted,"That tweet got ratioed badly","Originated on Twitter/X"
touch grass,Gen Z,To go outside and experience reality,go outside / get a reality check,go outside;cope,"He needs to touch grass after that meeting","Advice to disconnect from the internet"
cooked,Gen Z,In serious trouble or a hopeless situation,we're in deep trouble / it's over,done;finished;stick a fork in it,"If we miss this deadline we're cooked","Similar to 'we're done'"
